Reference,Value,Footprint,LCSC,MPN,Manufacturer,Population,Datasheet
C10,100n / 50V,Capacitor_SMD:C_0603_1608Metric,C14663,CC0603KRX7R9BB104,YAGEO,Fit: XT60 configuration,https://datasheet.lcsc.com/datasheet/pdf/23ccee80ee542e7cf156a772bb589942.pdf?productCode=C14663
C11,100n / 50V,Capacitor_SMD:C_0603_1608Metric,C14663,CC0603KRX7R9BB104,YAGEO,Fit: XT60 configuration,https://datasheet.lcsc.com/datasheet/pdf/23ccee80ee542e7cf156a772bb589942.pdf?productCode=C14663
C12,470u / 35V,Capacitor_THT:CP_Radial_D10.0mm_P5.00mm,C106703,ERS1VM471G16OT,AISHI,Fit: XT60 configuration,https://datasheet.lcsc.com/datasheet/pdf/8c66fb21bbd21f0bcbbdf88fdf292042.pdf?productCode=C106703
D10,SMCJ20A,Diode_SMD:D_SMC,C2943873,SMCJ20A,GOODWORK,Fit: XT60 configuration,https://datasheet.lcsc.com/datasheet/pdf/09ca1d9f88cd9aca28a35dad6b6eeb28.pdf?productCode=C2943873
F10,30A / upstream budget,pulsarfab:Fuse_S1032_10.3x3.2mm,C553917,S1032-F-30.0A,SART,Fit: XT60 configuration,https://datasheet.lcsc.com/datasheet/pdf/a325524594d89b598a3518fc8c90e44b.pdf?productCode=C553917
F11,5A / barrel only,Fuse:Fuse_Littelfuse-NANO2-451_453,C48467,0451005.MRL,Littelfuse,DNP: barrel input alternative,https://datasheet.lcsc.com/datasheet/pdf/64ff7c9a3f50498894e4bc5a89970379.pdf?productCode=C48467
J10,"XT60: 2=PLUS, 1=GND",pulsarfab:AMASS_XT60PW-M_Edge,C98732,XT60PW-M,Changzhou Amass Elec,Fit: XT60 configuration,https://datasheet.lcsc.com/datasheet/pdf/e258adf1ce44622bb05a5787d35fc0fa.pdf?productCode=C98732
J11,BARREL input / DNP,pulsarfab:BarrelJack_GCT_DCJ200_Edge,C5280493,DCJ200-10-A-K1-K,Global Connector Technology,DNP: barrel input alternative,https://datasheet.lcsc.com/datasheet/pdf/9e28732f65d9d59bee76802895b2add9.pdf?productCode=C5280493
Q10,CSD18540Q5B,Package_TO_SOT_SMD:TDSON-8-1,C86513,CSD18540Q5B,TI,Fit: XT60 configuration,https://datasheet.lcsc.com/datasheet/pdf/45425ebd9f23a1198c031b3c2fd5a108.pdf?productCode=C86513
U10,LM74700QDBV,Package_TO_SOT_SMD:SOT-23-6,C2941042,LM74700QDBVRQ1,TI,Fit: XT60 configuration,https://datasheet.lcsc.com/datasheet/pdf/447cabab1808fa061ec80788e97d5328.pdf?productCode=C2941042
C20,10u / 50V,Capacitor_SMD:C_1210_3225Metric,C138687,CL32B106KBJNNNE,Samsung Electro-Mechanics,Fit: XT60 configuration,https://datasheet.lcsc.com/datasheet/pdf/e42a32c717cc8f47823b44fed272ab10.pdf?productCode=C138687
C21,220n / 50V,Capacitor_SMD:C_0603_1608Metric,C64705,CL10B224KB8NNNC,Samsung Electro-Mechanics,Fit: XT60 configuration,https://datasheet.lcsc.com/datasheet/pdf/02336ea48ea44ca18c72517dd3cb7b47.pdf?productCode=C64705
C22,1u / 50V,Capacitor_SMD:C_0603_1608Metric,C15849,CL10A105KB8NNNC,Samsung Electro-Mechanics,Fit: XT60 configuration,https://datasheet.lcsc.com/datasheet/pdf/02336ea48ea44ca18c72517dd3cb7b47.pdf?productCode=C15849
C23,100n,Capacitor_SMD:C_0603_1608Metric,C14663,CC0603KRX7R9BB104,YAGEO,Fit: XT60 configuration,https://datasheet.lcsc.com/datasheet/pdf/23ccee80ee542e7cf156a772bb589942.pdf?productCode=C14663
C24,22u / 25V,Capacitor_SMD:C_1206_3216Metric,C12891,CL31A226KAHNNNE,Samsung Electro-Mechanics,Fit: XT60 configuration,https://datasheet.lcsc.com/datasheet/pdf/02336ea48ea44ca18c72517dd3cb7b47.pdf?productCode=C12891
C25,22u / 25V,Capacitor_SMD:C_1206_3216Metric,C12891,CL31A226KAHNNNE,Samsung Electro-Mechanics,Fit: XT60 configuration,https://datasheet.lcsc.com/datasheet/pdf/02336ea48ea44ca18c72517dd3cb7b47.pdf?productCode=C12891
C26,22u / 25V,Capacitor_SMD:C_1206_3216Metric,C12891,CL31A226KAHNNNE,Samsung Electro-Mechanics,Fit: XT60 configuration,https://datasheet.lcsc.com/datasheet/pdf/02336ea48ea44ca18c72517dd3cb7b47.pdf?productCode=C12891
C27,22u / 25V,Capacitor_SMD:C_1206_3216Metric,C12891,CL31A226KAHNNNE,Samsung Electro-Mechanics,Fit: XT60 configuration,https://datasheet.lcsc.com/datasheet/pdf/02336ea48ea44ca18c72517dd3cb7b47.pdf?productCode=C12891
C30,10u / 50V,Capacitor_SMD:C_1210_3225Metric,C138687,CL32B106KBJNNNE,Samsung Electro-Mechanics,Fit: XT60 configuration,https://datasheet.lcsc.com/datasheet/pdf/e42a32c717cc8f47823b44fed272ab10.pdf?productCode=C138687
C31,220n / 50V,Capacitor_SMD:C_0603_1608Metric,C64705,CL10B224KB8NNNC,Samsung Electro-Mechanics,Fit: XT60 configuration,https://datasheet.lcsc.com/datasheet/pdf/02336ea48ea44ca18c72517dd3cb7b47.pdf?productCode=C64705
C32,1u / 50V,Capacitor_SMD:C_0603_1608Metric,C15849,CL10A105KB8NNNC,Samsung Electro-Mechanics,Fit: XT60 configuration,https://datasheet.lcsc.com/datasheet/pdf/02336ea48ea44ca18c72517dd3cb7b47.pdf?productCode=C15849
C33,100n,Capacitor_SMD:C_0603_1608Metric,C14663,CC0603KRX7R9BB104,YAGEO,Fit: XT60 configuration,https://datasheet.lcsc.com/datasheet/pdf/23ccee80ee542e7cf156a772bb589942.pdf?productCode=C14663
C34,22u / 25V,Capacitor_SMD:C_1206_3216Metric,C12891,CL31A226KAHNNNE,Samsung Electro-Mechanics,Fit: XT60 configuration,https://datasheet.lcsc.com/datasheet/pdf/02336ea48ea44ca18c72517dd3cb7b47.pdf?productCode=C12891
C35,22u / 25V,Capacitor_SMD:C_1206_3216Metric,C12891,CL31A226KAHNNNE,Samsung Electro-Mechanics,Fit: XT60 configuration,https://datasheet.lcsc.com/datasheet/pdf/02336ea48ea44ca18c72517dd3cb7b47.pdf?productCode=C12891
C36,22u / 25V,Capacitor_SMD:C_1206_3216Metric,C12891,CL31A226KAHNNNE,Samsung Electro-Mechanics,Fit: XT60 configuration,https://datasheet.lcsc.com/datasheet/pdf/02336ea48ea44ca18c72517dd3cb7b47.pdf?productCode=C12891
C37,22u / 25V,Capacitor_SMD:C_1206_3216Metric,C12891,CL31A226KAHNNNE,Samsung Electro-Mechanics,Fit: XT60 configuration,https://datasheet.lcsc.com/datasheet/pdf/02336ea48ea44ca18c72517dd3cb7b47.pdf?productCode=C12891
L20,8.2u / 10A sat,pulsarfab:L_SXN_SMMS1050,C149543,SMMS1050-8R2M,Shun Xiang Nuo,Fit: XT60 configuration,https://datasheet.lcsc.com/datasheet/pdf/d0d5acb256e849938d6708ba4d0d5b6c.pdf?productCode=C149543
L30,6.8u / 12A sat,pulsarfab:L_SXN_SMMS1050,C149542,SMMS1050-6R8M,Shun Xiang Nuo,Fit: XT60 configuration,https://datasheet.lcsc.com/datasheet/pdf/d0d5acb256e849938d6708ba4d0d5b6c.pdf?productCode=C149542
R20,100k,Resistor_SMD:R_0603_1608Metric,C25803,0603WAF1003T5E,UNI-ROYAL,Fit: XT60 configuration,https://datasheet.lcsc.com/datasheet/pdf/0a975aaa49b7c97f38a963127be4a823.pdf?productCode=C25803
R21,24.9k,Resistor_SMD:R_0603_1608Metric,C25962,0603WAF2492T5E,UNI-ROYAL,Fit: XT60 configuration,https://datasheet.lcsc.com/datasheet/pdf/0a975aaa49b7c97f38a963127be4a823.pdf?productCode=C25962
R30,100k,Resistor_SMD:R_0603_1608Metric,C25803,0603WAF1003T5E,UNI-ROYAL,Fit: XT60 configuration,https://datasheet.lcsc.com/datasheet/pdf/0a975aaa49b7c97f38a963127be4a823.pdf?productCode=C25803
R31,43.2k,Resistor_SMD:R_0603_1608Metric,C23053,0603WAF4322T5E,UNI-ROYAL,Fit: XT60 configuration,https://datasheet.lcsc.com/datasheet/pdf/0a975aaa49b7c97f38a963127be4a823.pdf?productCode=C23053
U20,LMR33630ADDA,Package_SO:Texas_HSOP-8-1EP_3.9x4.9mm_P1.27mm,C841384,LMR33630ADDAR,TI,Fit: XT60 configuration,https://datasheet.lcsc.com/datasheet/pdf/a9fc243185b3d8658039a6c3f8a8d047.pdf?productCode=C841384
U30,LMR33630ADDA,Package_SO:Texas_HSOP-8-1EP_3.9x4.9mm_P1.27mm,C841384,LMR33630ADDAR,TI,Fit: XT60 configuration,https://datasheet.lcsc.com/datasheet/pdf/a9fc243185b3d8658039a6c3f8a8d047.pdf?productCode=C841384
C50,100n,Capacitor_SMD:C_0603_1608Metric,C14663,CC0603KRX7R9BB104,YAGEO,Fit: XT60 configuration,https://datasheet.lcsc.com/datasheet/pdf/23ccee80ee542e7cf156a772bb589942.pdf?productCode=C14663
C51,1u / 50V,Capacitor_SMD:C_0603_1608Metric,C15849,CL10A105KB8NNNC,Samsung Electro-Mechanics,Fit: XT60 configuration,https://datasheet.lcsc.com/datasheet/pdf/02336ea48ea44ca18c72517dd3cb7b47.pdf?productCode=C15849
C52,100n,Capacitor_SMD:C_0603_1608Metric,C14663,CC0603KRX7R9BB104,YAGEO,Fit: XT60 configuration,https://datasheet.lcsc.com/datasheet/pdf/23ccee80ee542e7cf156a772bb589942.pdf?productCode=C14663
D51,SMBJ20A,Diode_SMD:D_SMB,C364296,SMBJ20A,MDD(Microdiode Semiconductor),Fit: XT60 configuration,https://datasheet.lcsc.com/datasheet/pdf/2fdb55289569ebfc0bc21eab3853afe6.pdf?productCode=C364296
D61,SMBJ20A,Diode_SMD:D_SMB,C364296,SMBJ20A,MDD(Microdiode Semiconductor),Fit: XT60 configuration,https://datasheet.lcsc.com/datasheet/pdf/2fdb55289569ebfc0bc21eab3853afe6.pdf?productCode=C364296
F51,7A heater fuse,Fuse:Fuse_Littelfuse-NANO2-451_453,C99548,0451007.MRL,Littelfuse,Fit: XT60 configuration,https://datasheet.lcsc.com/datasheet/pdf/3fbc960e37544fdb8613bc5ae8d5f03a.pdf?productCode=C99548
F61,7A heater fuse,Fuse:Fuse_Littelfuse-NANO2-451_453,C99548,0451007.MRL,Littelfuse,Fit: XT60 configuration,https://datasheet.lcsc.com/datasheet/pdf/3fbc960e37544fdb8613bc5ae8d5f03a.pdf?productCode=C99548
J51,HEATER 1,pulsarfab:TerminalBlock_KEFA_KF128_2P_P5.08mm,C474952,KF128-5.08-2P-AA,Cixi Kefa Elec,Fit: XT60 configuration,https://datasheet.lcsc.com/datasheet/pdf/29da5b9f86f95d4ff856cbb6af0595a9.pdf?productCode=C474952
J61,HEATER 2,pulsarfab:TerminalBlock_KEFA_KF128_2P_P5.08mm,C474952,KF128-5.08-2P-AA,Cixi Kefa Elec,Fit: XT60 configuration,https://datasheet.lcsc.com/datasheet/pdf/29da5b9f86f95d4ff856cbb6af0595a9.pdf?productCode=C474952
Q51,AOD4184A,Package_TO_SOT_SMD:TO-252-2,C5370959,AOD4184A,TECH PUBLIC,Fit: XT60 configuration,https://datasheet.lcsc.com/datasheet/pdf/0c2e2d075d76f5b5cf172085c474a9cb.pdf?productCode=C5370959
Q61,AOD4184A,Package_TO_SOT_SMD:TO-252-2,C5370959,AOD4184A,TECH PUBLIC,Fit: XT60 configuration,https://datasheet.lcsc.com/datasheet/pdf/0c2e2d075d76f5b5cf172085c474a9cb.pdf?productCode=C5370959
R50,2m / 3W / 1%,Resistor_SMD:R_2512_6332Metric,C2994640,HoLLR2512-3W-2mR-1%,Milliohm,Fit: XT60 configuration,https://datasheet.lcsc.com/datasheet/pdf/a6c04b348627a06d1c2e9d73fb46c6ff.pdf?productCode=C2994640
R51,10k,Resistor_SMD:R_0603_1608Metric,C25804,0603WAF1002T5E,UNI-ROYAL,Fit: XT60 configuration,https://datasheet.lcsc.com/datasheet/pdf/0a975aaa49b7c97f38a963127be4a823.pdf?productCode=C25804
R52,47,Resistor_SMD:R_0603_1608Metric,C23182,0603WAF470JT5E,UNI-ROYAL,Fit: XT60 configuration,https://datasheet.lcsc.com/datasheet/pdf/0a975aaa49b7c97f38a963127be4a823.pdf?productCode=C23182
R53,100k,Resistor_SMD:R_0603_1608Metric,C25803,0603WAF1003T5E,UNI-ROYAL,Fit: XT60 configuration,https://datasheet.lcsc.com/datasheet/pdf/0a975aaa49b7c97f38a963127be4a823.pdf?productCode=C25803
R61,10k,Resistor_SMD:R_0603_1608Metric,C25804,0603WAF1002T5E,UNI-ROYAL,Fit: XT60 configuration,https://datasheet.lcsc.com/datasheet/pdf/0a975aaa49b7c97f38a963127be4a823.pdf?productCode=C25804
R62,47,Resistor_SMD:R_0603_1608Metric,C23182,0603WAF470JT5E,UNI-ROYAL,Fit: XT60 configuration,https://datasheet.lcsc.com/datasheet/pdf/0a975aaa49b7c97f38a963127be4a823.pdf?productCode=C23182
R63,100k,Resistor_SMD:R_0603_1608Metric,C25803,0603WAF1003T5E,UNI-ROYAL,Fit: XT60 configuration,https://datasheet.lcsc.com/datasheet/pdf/0a975aaa49b7c97f38a963127be4a823.pdf?productCode=C25803
U50,TC4427AVOA713,Package_SO:SOIC-8_3.9x4.9mm_P1.27mm,C624944,TC4427AVOA713,MICROCHIP,Fit: XT60 configuration,https://datasheet.lcsc.com/datasheet/pdf/b1bb95f87e1c4d3da15b0b7bdd20fce8.pdf?productCode=C624944
U51,INA226,Package_SO:TSSOP-10_3x3mm_P0.5mm,C49851,INA226AIDGSR,Texas Instruments,Fit: XT60 configuration,https://www.ti.com/lit/ds/symlink/ina226.pdf
C1,100n,Capacitor_SMD:C_0603_1608Metric,C14663,CC0603KRX7R9BB104,YAGEO,Fit: XT60 configuration,https://datasheet.lcsc.com/datasheet/pdf/23ccee80ee542e7cf156a772bb589942.pdf?productCode=C14663
C2,4.7u / 16V,Capacitor_SMD:C_0603_1608Metric,C19666,CL10A475KO8NNNC,Samsung Electro-Mechanics,Fit: XT60 configuration,https://datasheet.lcsc.com/datasheet/pdf/02336ea48ea44ca18c72517dd3cb7b47.pdf?productCode=C19666
C3,100n,Capacitor_SMD:C_0603_1608Metric,C14663,CC0603KRX7R9BB104,YAGEO,Fit: XT60 configuration,https://datasheet.lcsc.com/datasheet/pdf/23ccee80ee542e7cf156a772bb589942.pdf?productCode=C14663
C4,100n,Capacitor_SMD:C_0603_1608Metric,C14663,CC0603KRX7R9BB104,YAGEO,Fit: XT60 configuration,https://datasheet.lcsc.com/datasheet/pdf/23ccee80ee542e7cf156a772bb589942.pdf?productCode=C14663
J1,SWD,Connector_PinHeader_2.54mm:PinHeader_1x05_P2.54mm_Vertical,C492404,PZ254V-11-05P,XFCN,Fit: XT60 configuration,https://datasheet.lcsc.com/datasheet/pdf/3b85a1cdf6ed945f2e278f00c1e42442.pdf?productCode=C492404
R1,4.7k,Resistor_SMD:R_0603_1608Metric,C23162,0603WAF4701T5E,UNI-ROYAL,Fit: XT60 configuration,https://datasheet.lcsc.com/datasheet/pdf/0a975aaa49b7c97f38a963127be4a823.pdf?productCode=C23162
R2,4.7k,Resistor_SMD:R_0603_1608Metric,C23162,0603WAF4701T5E,UNI-ROYAL,Fit: XT60 configuration,https://datasheet.lcsc.com/datasheet/pdf/0a975aaa49b7c97f38a963127be4a823.pdf?productCode=C23162
U1,STM32G0B1KBU6,Package_DFN_QFN:UFQFPN-32-1EP_5x5mm_P0.5mm_EP3.5x3.5mm,C5159549,STM32G0B1KBU6,ST,Fit: XT60 configuration,https://datasheet.lcsc.com/datasheet/pdf/3d64feb4cdc2a68a0c23eb6ae93b103c.pdf?productCode=C5159549
U2,SHT40-AD1B-R2,Sensor_Humidity:Sensirion_DFN-4_1.5x1.5mm_P0.8mm_SHT4x_NoCentralPad,C2909890,SHT40-AD1B-R2,Sensirion,Fit: XT60 configuration,https://sensirion.com/media/documents/33FD6951/662A593A/HT_DS_Datasheet_SHT4x.pdf
C901,18p / C0G,Capacitor_SMD:C_0603_1608Metric,C342890,CGA3E2C0G1H180JT0Y0N,TDK,Fit: XT60 configuration,https://datasheet.lcsc.com/datasheet/pdf/f5fa6a4d641f6acff4d7306ef02352a1.pdf?productCode=C342890
C902,18p / C0G,Capacitor_SMD:C_0603_1608Metric,C342890,CGA3E2C0G1H180JT0Y0N,TDK,Fit: XT60 configuration,https://datasheet.lcsc.com/datasheet/pdf/f5fa6a4d641f6acff4d7306ef02352a1.pdf?productCode=C342890
C903,100n,Capacitor_SMD:C_0603_1608Metric,C14663,CC0603KRX7R9BB104,YAGEO,Fit: XT60 configuration,https://datasheet.lcsc.com/datasheet/pdf/23ccee80ee542e7cf156a772bb589942.pdf?productCode=C14663
C904,100n,Capacitor_SMD:C_0603_1608Metric,C14663,CC0603KRX7R9BB104,YAGEO,Fit: XT60 configuration,https://datasheet.lcsc.com/datasheet/pdf/23ccee80ee542e7cf156a772bb589942.pdf?productCode=C14663
C905,100n,Capacitor_SMD:C_0603_1608Metric,C14663,CC0603KRX7R9BB104,YAGEO,Fit: XT60 configuration,https://datasheet.lcsc.com/datasheet/pdf/23ccee80ee542e7cf156a772bb589942.pdf?productCode=C14663
C906,100n,Capacitor_SMD:C_0603_1608Metric,C14663,CC0603KRX7R9BB104,YAGEO,Fit: XT60 configuration,https://datasheet.lcsc.com/datasheet/pdf/23ccee80ee542e7cf156a772bb589942.pdf?productCode=C14663
C907,100n,Capacitor_SMD:C_0603_1608Metric,C14663,CC0603KRX7R9BB104,YAGEO,Fit: XT60 configuration,https://datasheet.lcsc.com/datasheet/pdf/23ccee80ee542e7cf156a772bb589942.pdf?productCode=C14663
C908,100n,Capacitor_SMD:C_0603_1608Metric,C14663,CC0603KRX7R9BB104,YAGEO,Fit: XT60 configuration,https://datasheet.lcsc.com/datasheet/pdf/23ccee80ee542e7cf156a772bb589942.pdf?productCode=C14663
C909,100n,Capacitor_SMD:C_0603_1608Metric,C14663,CC0603KRX7R9BB104,YAGEO,Fit: XT60 configuration,https://datasheet.lcsc.com/datasheet/pdf/23ccee80ee542e7cf156a772bb589942.pdf?productCode=C14663
C910,1u / 50V,Capacitor_SMD:C_0603_1608Metric,C15849,CL10A105KB8NNNC,Samsung Electro-Mechanics,Fit: XT60 configuration,https://datasheet.lcsc.com/datasheet/pdf/02336ea48ea44ca18c72517dd3cb7b47.pdf?productCode=C15849
C911,1u / 50V,Capacitor_SMD:C_0603_1608Metric,C15849,CL10A105KB8NNNC,Samsung Electro-Mechanics,Fit: XT60 configuration,https://datasheet.lcsc.com/datasheet/pdf/02336ea48ea44ca18c72517dd3cb7b47.pdf?productCode=C15849
C912,1u / 50V,Capacitor_SMD:C_0603_1608Metric,C15849,CL10A105KB8NNNC,Samsung Electro-Mechanics,Fit: XT60 configuration,https://datasheet.lcsc.com/datasheet/pdf/02336ea48ea44ca18c72517dd3cb7b47.pdf?productCode=C15849
C913,1u / 50V,Capacitor_SMD:C_0603_1608Metric,C15849,CL10A105KB8NNNC,Samsung Electro-Mechanics,Fit: XT60 configuration,https://datasheet.lcsc.com/datasheet/pdf/02336ea48ea44ca18c72517dd3cb7b47.pdf?productCode=C15849
C914,100n,Capacitor_SMD:C_0603_1608Metric,C14663,CC0603KRX7R9BB104,YAGEO,Fit: XT60 configuration,https://datasheet.lcsc.com/datasheet/pdf/23ccee80ee542e7cf156a772bb589942.pdf?productCode=C14663
C915,100n,Capacitor_SMD:C_0603_1608Metric,C14663,CC0603KRX7R9BB104,YAGEO,Fit: XT60 configuration,https://datasheet.lcsc.com/datasheet/pdf/23ccee80ee542e7cf156a772bb589942.pdf?productCode=C14663
J40,USB-C upstream,Connector_USB:USB_C_Receptacle_GCT_USB4105-xx-A_16P_TopMnt_Horizontal,C3020560,USB4105-GF-A,Global Connector Technology,Fit: XT60 configuration,https://datasheet.lcsc.com/datasheet/pdf/76718c6dacc0a6125953c12b5ebc82df.pdf?productCode=C3020560
R901,10k,Resistor_SMD:R_0603_1608Metric,C25804,0603WAF1002T5E,UNI-ROYAL,Fit: XT60 configuration,https://datasheet.lcsc.com/datasheet/pdf/0a975aaa49b7c97f38a963127be4a823.pdf?productCode=C25804
R902,10k,Resistor_SMD:R_0603_1608Metric,C25804,0603WAF1002T5E,UNI-ROYAL,Fit: XT60 configuration,https://datasheet.lcsc.com/datasheet/pdf/0a975aaa49b7c97f38a963127be4a823.pdf?productCode=C25804
R903,10k,Resistor_SMD:R_0603_1608Metric,C25804,0603WAF1002T5E,UNI-ROYAL,Fit: XT60 configuration,https://datasheet.lcsc.com/datasheet/pdf/0a975aaa49b7c97f38a963127be4a823.pdf?productCode=C25804
R904,10k,Resistor_SMD:R_0603_1608Metric,C25804,0603WAF1002T5E,UNI-ROYAL,Fit: XT60 configuration,https://datasheet.lcsc.com/datasheet/pdf/0a975aaa49b7c97f38a963127be4a823.pdf?productCode=C25804
R905,10k,Resistor_SMD:R_0603_1608Metric,C25804,0603WAF1002T5E,UNI-ROYAL,Fit: XT60 configuration,https://datasheet.lcsc.com/datasheet/pdf/0a975aaa49b7c97f38a963127be4a823.pdf?productCode=C25804
R906,10k,Resistor_SMD:R_0603_1608Metric,C25804,0603WAF1002T5E,UNI-ROYAL,Fit: XT60 configuration,https://datasheet.lcsc.com/datasheet/pdf/0a975aaa49b7c97f38a963127be4a823.pdf?productCode=C25804
R907,10k,Resistor_SMD:R_0603_1608Metric,C25804,0603WAF1002T5E,UNI-ROYAL,Fit: XT60 configuration,https://datasheet.lcsc.com/datasheet/pdf/0a975aaa49b7c97f38a963127be4a823.pdf?productCode=C25804
R908,10k,Resistor_SMD:R_0603_1608Metric,C25804,0603WAF1002T5E,UNI-ROYAL,Fit: XT60 configuration,https://datasheet.lcsc.com/datasheet/pdf/0a975aaa49b7c97f38a963127be4a823.pdf?productCode=C25804
R909,10k,Resistor_SMD:R_0603_1608Metric,C25804,0603WAF1002T5E,UNI-ROYAL,Fit: XT60 configuration,https://datasheet.lcsc.com/datasheet/pdf/0a975aaa49b7c97f38a963127be4a823.pdf?productCode=C25804
R910,10k,Resistor_SMD:R_0603_1608Metric,C25804,0603WAF1002T5E,UNI-ROYAL,Fit: XT60 configuration,https://datasheet.lcsc.com/datasheet/pdf/0a975aaa49b7c97f38a963127be4a823.pdf?productCode=C25804
R911,10k,Resistor_SMD:R_0603_1608Metric,C25804,0603WAF1002T5E,UNI-ROYAL,Fit: XT60 configuration,https://datasheet.lcsc.com/datasheet/pdf/0a975aaa49b7c97f38a963127be4a823.pdf?productCode=C25804
R912,10k,Resistor_SMD:R_0603_1608Metric,C25804,0603WAF1002T5E,UNI-ROYAL,Fit: XT60 configuration,https://datasheet.lcsc.com/datasheet/pdf/0a975aaa49b7c97f38a963127be4a823.pdf?productCode=C25804
R913,10k,Resistor_SMD:R_0603_1608Metric,C25804,0603WAF1002T5E,UNI-ROYAL,Fit: XT60 configuration,https://datasheet.lcsc.com/datasheet/pdf/0a975aaa49b7c97f38a963127be4a823.pdf?productCode=C25804
R914,10k,Resistor_SMD:R_0603_1608Metric,C25804,0603WAF1002T5E,UNI-ROYAL,Fit: XT60 configuration,https://datasheet.lcsc.com/datasheet/pdf/0a975aaa49b7c97f38a963127be4a823.pdf?productCode=C25804
R915,10k,Resistor_SMD:R_0603_1608Metric,C25804,0603WAF1002T5E,UNI-ROYAL,Fit: XT60 configuration,https://datasheet.lcsc.com/datasheet/pdf/0a975aaa49b7c97f38a963127be4a823.pdf?productCode=C25804
R916,10k,Resistor_SMD:R_0603_1608Metric,C25804,0603WAF1002T5E,UNI-ROYAL,Fit: XT60 configuration,https://datasheet.lcsc.com/datasheet/pdf/0a975aaa49b7c97f38a963127be4a823.pdf?productCode=C25804
R917,10k,Resistor_SMD:R_0603_1608Metric,C25804,0603WAF1002T5E,UNI-ROYAL,Fit: XT60 configuration,https://datasheet.lcsc.com/datasheet/pdf/0a975aaa49b7c97f38a963127be4a823.pdf?productCode=C25804
R918,10k,Resistor_SMD:R_0603_1608Metric,C25804,0603WAF1002T5E,UNI-ROYAL,Fit: XT60 configuration,https://datasheet.lcsc.com/datasheet/pdf/0a975aaa49b7c97f38a963127be4a823.pdf?productCode=C25804
R919,12k / 1%,Resistor_SMD:R_0603_1608Metric,C22790,0603WAF1202T5E,UNI-ROYAL,Fit: XT60 configuration,https://datasheet.lcsc.com/datasheet/pdf/0a975aaa49b7c97f38a963127be4a823.pdf?productCode=C22790
R920,10k,Resistor_SMD:R_0603_1608Metric,C25804,0603WAF1002T5E,UNI-ROYAL,Fit: XT60 configuration,https://datasheet.lcsc.com/datasheet/pdf/0a975aaa49b7c97f38a963127be4a823.pdf?productCode=C25804
R921,5.1k,Resistor_SMD:R_0603_1608Metric,C23186,0603WAF5101T5E,UNI-ROYAL,Fit: XT60 configuration,https://datasheet.lcsc.com/datasheet/pdf/0a975aaa49b7c97f38a963127be4a823.pdf?productCode=C23186
R922,5.1k,Resistor_SMD:R_0603_1608Metric,C23186,0603WAF5101T5E,UNI-ROYAL,Fit: XT60 configuration,https://datasheet.lcsc.com/datasheet/pdf/0a975aaa49b7c97f38a963127be4a823.pdf?productCode=C23186
R923,100k,Resistor_SMD:R_0603_1608Metric,C25803,0603WAF1003T5E,UNI-ROYAL,Fit: XT60 configuration,https://datasheet.lcsc.com/datasheet/pdf/0a975aaa49b7c97f38a963127be4a823.pdf?productCode=C25803
R924,100k,Resistor_SMD:R_0603_1608Metric,C25803,0603WAF1003T5E,UNI-ROYAL,Fit: XT60 configuration,https://datasheet.lcsc.com/datasheet/pdf/0a975aaa49b7c97f38a963127be4a823.pdf?productCode=C25803
R925,10k,Resistor_SMD:R_0603_1608Metric,C25804,0603WAF1002T5E,UNI-ROYAL,Fit: XT60 configuration,https://datasheet.lcsc.com/datasheet/pdf/0a975aaa49b7c97f38a963127be4a823.pdf?productCode=C25804
R926,10k,Resistor_SMD:R_0603_1608Metric,C25804,0603WAF1002T5E,UNI-ROYAL,Fit: XT60 configuration,https://datasheet.lcsc.com/datasheet/pdf/0a975aaa49b7c97f38a963127be4a823.pdf?productCode=C25804
R927,10k,Resistor_SMD:R_0603_1608Metric,C25804,0603WAF1002T5E,UNI-ROYAL,Fit: XT60 configuration,https://datasheet.lcsc.com/datasheet/pdf/0a975aaa49b7c97f38a963127be4a823.pdf?productCode=C25804
R928,10k,Resistor_SMD:R_0603_1608Metric,C25804,0603WAF1002T5E,UNI-ROYAL,Fit: XT60 configuration,https://datasheet.lcsc.com/datasheet/pdf/0a975aaa49b7c97f38a963127be4a823.pdf?productCode=C25804
U40,USB2517-JZX,Package_DFN_QFN:QFN-64-1EP_9x9mm_P0.5mm_EP4.7x4.7mm,C1521556,USB2517-JZX,MICROCHIP,Fit: XT60 configuration,https://datasheet.lcsc.com/datasheet/pdf/91d9ee3f35bf91e09515bc08ab5bdea0.pdf?productCode=C1521556
U41,TPS3808G33DBV,Package_TO_SOT_SMD:SOT-23-6,C43698,TPS3808G33DBVR,TI,Fit: XT60 configuration,https://datasheet.lcsc.com/datasheet/pdf/11f32af539b24342abd293a76f2241d9.pdf?productCode=C43698
U42,USBLC6-2SC6,Package_TO_SOT_SMD:SOT-23-6,C7519,USBLC6-2SC6,ST,Fit: XT60 configuration,https://datasheet.lcsc.com/datasheet/pdf/0d3a2ab954b34651a0695e7ccf534db0.pdf?productCode=C7519
Y40,24MHz / CL=12pF,Crystal:Crystal_SMD_3225-4Pin_3.2x2.5mm,C5181479,3225 24M 12PF 10PPM,SOSET,Fit: XT60 configuration,https://datasheet.lcsc.com/datasheet/pdf/ee8d40110124083a676f43b2033b612d.pdf?productCode=C5181479
C101,100n / 50V,Capacitor_SMD:C_0603_1608Metric,C14663,CC0603KRX7R9BB104,YAGEO,Fit: XT60 configuration,https://datasheet.lcsc.com/datasheet/pdf/23ccee80ee542e7cf156a772bb589942.pdf?productCode=C14663
C102,100n / 50V,Capacitor_SMD:C_0603_1608Metric,C14663,CC0603KRX7R9BB104,YAGEO,Fit: XT60 configuration,https://datasheet.lcsc.com/datasheet/pdf/23ccee80ee542e7cf156a772bb589942.pdf?productCode=C14663
C103,22n / 50V,Capacitor_SMD:C_0603_1608Metric,C21122,CL10B223KB8NNNC,Samsung Electro-Mechanics,Fit: XT60 configuration,https://datasheet.lcsc.com/datasheet/pdf/02336ea48ea44ca18c72517dd3cb7b47.pdf?productCode=C21122
C104,10n,Capacitor_SMD:C_0603_1608Metric,C1589,CL10B103KB8NNNC,Samsung Electro-Mechanics,Fit: XT60 configuration,https://datasheet.lcsc.com/datasheet/pdf/02336ea48ea44ca18c72517dd3cb7b47.pdf?productCode=C1589
D101,SMBJ20A,Diode_SMD:D_SMB,C364296,SMBJ20A,MDD(Microdiode Semiconductor),Fit: XT60 configuration,https://datasheet.lcsc.com/datasheet/pdf/2fdb55289569ebfc0bc21eab3853afe6.pdf?productCode=C364296
J101,5A DC / center +,pulsarfab:BarrelJack_GCT_DCJ200_Edge,C5280493,DCJ200-10-A-K1-K,Global Connector Technology,Fit: XT60 configuration,https://datasheet.lcsc.com/datasheet/pdf/9e28732f65d9d59bee76802895b2add9.pdf?productCode=C5280493
R101,150k,Resistor_SMD:R_0603_1608Metric,C22807,0603WAF1503T5E,UNI-ROYAL,Fit: XT60 configuration,https://datasheet.lcsc.com/datasheet/pdf/0a975aaa49b7c97f38a963127be4a823.pdf?productCode=C22807
R102,22k,Resistor_SMD:R_0603_1608Metric,C31850,0603WAF2202T5E,UNI-ROYAL,Fit: XT60 configuration,https://datasheet.lcsc.com/datasheet/pdf/0a975aaa49b7c97f38a963127be4a823.pdf?productCode=C31850
R103,332k,Resistor_SMD:R_0603_1608Metric,C23139,0603WAF3323T5E,UNI-ROYAL,Fit: XT60 configuration,https://datasheet.lcsc.com/datasheet/pdf/0a975aaa49b7c97f38a963127be4a823.pdf?productCode=C23139
R104,20k,Resistor_SMD:R_0603_1608Metric,C4184,0603WAF2002T5E,UNI-ROYAL,Fit: XT60 configuration,https://datasheet.lcsc.com/datasheet/pdf/0a975aaa49b7c97f38a963127be4a823.pdf?productCode=C4184
R105,10k,Resistor_SMD:R_0603_1608Metric,C25804,0603WAF1002T5E,UNI-ROYAL,Fit: XT60 configuration,https://datasheet.lcsc.com/datasheet/pdf/0a975aaa49b7c97f38a963127be4a823.pdf?productCode=C25804
R106,10k,Resistor_SMD:R_0603_1608Metric,C25804,0603WAF1002T5E,UNI-ROYAL,Fit: XT60 configuration,https://datasheet.lcsc.com/datasheet/pdf/0a975aaa49b7c97f38a963127be4a823.pdf?productCode=C25804
R107,3.3k / 1%,Resistor_SMD:R_0603_1608Metric,C22978,0603WAF3301T5E,UNI-ROYAL,Fit: XT60 configuration,https://datasheet.lcsc.com/datasheet/pdf/0a975aaa49b7c97f38a963127be4a823.pdf?productCode=C22978
R108,8.2k / 1%,Resistor_SMD:R_0603_1608Metric,C25981,0603WAF8201T5E,UNI-ROYAL,Fit: XT60 configuration,https://datasheet.lcsc.com/datasheet/pdf/0a975aaa49b7c97f38a963127be4a823.pdf?productCode=C25981
R109,1k,Resistor_SMD:R_0603_1608Metric,C21190,0603WAF1001T5E,UNI-ROYAL,Fit: XT60 configuration,https://datasheet.lcsc.com/datasheet/pdf/0a975aaa49b7c97f38a963127be4a823.pdf?productCode=C21190
R110,150k,Resistor_SMD:R_0603_1608Metric,C22807,0603WAF1503T5E,UNI-ROYAL,Fit: XT60 configuration,https://datasheet.lcsc.com/datasheet/pdf/0a975aaa49b7c97f38a963127be4a823.pdf?productCode=C22807
R111,22k,Resistor_SMD:R_0603_1608Metric,C31850,0603WAF2202T5E,UNI-ROYAL,Fit: XT60 configuration,https://datasheet.lcsc.com/datasheet/pdf/0a975aaa49b7c97f38a963127be4a823.pdf?productCode=C31850
U101,TPS26631PWP,pulsarfab:TI_PWP0020T_EP2.96x2.96mm,C2866319,TPS26631PWPR,TI,Fit: XT60 configuration,https://datasheet.lcsc.com/datasheet/pdf/1e673a9d3411456469018b12bc5dcb14.pdf?productCode=C2866319
C501,100n,Capacitor_SMD:C_0603_1608Metric,C14663,CC0603KRX7R9BB104,YAGEO,Fit: XT60 configuration,https://datasheet.lcsc.com/datasheet/pdf/23ccee80ee542e7cf156a772bb589942.pdf?productCode=C14663
C502,150u / 10V / 20%,pulsarfab:CP_RVT_D6.3mm_L5.4mm,C970688,RVT1A151M0605 150UF 10V,DMBJ,Fit: XT60 configuration,https://datasheet.lcsc.com/datasheet/pdf/f0a865b841864fb1f67292a6eb3bf84a.pdf?productCode=C970688
C503,100n,Capacitor_SMD:C_0603_1608Metric,C14663,CC0603KRX7R9BB104,YAGEO,Fit: XT60 configuration,https://datasheet.lcsc.com/datasheet/pdf/23ccee80ee542e7cf156a772bb589942.pdf?productCode=C14663
J501,USB-A / 500mA,pulsarfab:USB_A_GCT_USB1046_Edge,C6307429,USB1046-GF-0190-L-B-A,Global Connector Technology,Fit: XT60 configuration,https://datasheet.lcsc.com/datasheet/pdf/69cc4fb97da31d4274b463dbae6ae45e.pdf?productCode=C6307429
R501,43.2k / 1%,Resistor_SMD:R_0603_1608Metric,C23053,0603WAF4322T5E,UNI-ROYAL,Fit: XT60 configuration,https://datasheet.lcsc.com/datasheet/pdf/0a975aaa49b7c97f38a963127be4a823.pdf?productCode=C23053
R502,100k,Resistor_SMD:R_0603_1608Metric,C25803,0603WAF1003T5E,UNI-ROYAL,Fit: XT60 configuration,https://datasheet.lcsc.com/datasheet/pdf/0a975aaa49b7c97f38a963127be4a823.pdf?productCode=C25803
U501,TPS2553DBV,Package_TO_SOT_SMD:SOT-23-6,C55266,TPS2553DBVR,TI,Fit: XT60 configuration,https://datasheet.lcsc.com/datasheet/pdf/3f52aa0e50da4026aed12c215a8c407a.pdf?productCode=C55266
U502,USBLC6-2SC6,Package_TO_SOT_SMD:SOT-23-6,C7519,USBLC6-2SC6,ST,Fit: XT60 configuration,https://datasheet.lcsc.com/datasheet/pdf/0d3a2ab954b34651a0695e7ccf534db0.pdf?productCode=C7519
C201,100n / 50V,Capacitor_SMD:C_0603_1608Metric,C14663,CC0603KRX7R9BB104,YAGEO,Fit: XT60 configuration,https://datasheet.lcsc.com/datasheet/pdf/23ccee80ee542e7cf156a772bb589942.pdf?productCode=C14663
C202,100n / 50V,Capacitor_SMD:C_0603_1608Metric,C14663,CC0603KRX7R9BB104,YAGEO,Fit: XT60 configuration,https://datasheet.lcsc.com/datasheet/pdf/23ccee80ee542e7cf156a772bb589942.pdf?productCode=C14663
C203,22n / 50V,Capacitor_SMD:C_0603_1608Metric,C21122,CL10B223KB8NNNC,Samsung Electro-Mechanics,Fit: XT60 configuration,https://datasheet.lcsc.com/datasheet/pdf/02336ea48ea44ca18c72517dd3cb7b47.pdf?productCode=C21122
C204,10n,Capacitor_SMD:C_0603_1608Metric,C1589,CL10B103KB8NNNC,Samsung Electro-Mechanics,Fit: XT60 configuration,https://datasheet.lcsc.com/datasheet/pdf/02336ea48ea44ca18c72517dd3cb7b47.pdf?productCode=C1589
D201,SMBJ20A,Diode_SMD:D_SMB,C364296,SMBJ20A,MDD(Microdiode Semiconductor),Fit: XT60 configuration,https://datasheet.lcsc.com/datasheet/pdf/2fdb55289569ebfc0bc21eab3853afe6.pdf?productCode=C364296
J201,5A DC / center +,pulsarfab:BarrelJack_GCT_DCJ200_Edge,C5280493,DCJ200-10-A-K1-K,Global Connector Technology,Fit: XT60 configuration,https://datasheet.lcsc.com/datasheet/pdf/9e28732f65d9d59bee76802895b2add9.pdf?productCode=C5280493
R201,150k,Resistor_SMD:R_0603_1608Metric,C22807,0603WAF1503T5E,UNI-ROYAL,Fit: XT60 configuration,https://datasheet.lcsc.com/datasheet/pdf/0a975aaa49b7c97f38a963127be4a823.pdf?productCode=C22807
R202,22k,Resistor_SMD:R_0603_1608Metric,C31850,0603WAF2202T5E,UNI-ROYAL,Fit: XT60 configuration,https://datasheet.lcsc.com/datasheet/pdf/0a975aaa49b7c97f38a963127be4a823.pdf?productCode=C31850
R203,332k,Resistor_SMD:R_0603_1608Metric,C23139,0603WAF3323T5E,UNI-ROYAL,Fit: XT60 configuration,https://datasheet.lcsc.com/datasheet/pdf/0a975aaa49b7c97f38a963127be4a823.pdf?productCode=C23139
R204,20k,Resistor_SMD:R_0603_1608Metric,C4184,0603WAF2002T5E,UNI-ROYAL,Fit: XT60 configuration,https://datasheet.lcsc.com/datasheet/pdf/0a975aaa49b7c97f38a963127be4a823.pdf?productCode=C4184
R205,10k,Resistor_SMD:R_0603_1608Metric,C25804,0603WAF1002T5E,UNI-ROYAL,Fit: XT60 configuration,https://datasheet.lcsc.com/datasheet/pdf/0a975aaa49b7c97f38a963127be4a823.pdf?productCode=C25804
R206,10k,Resistor_SMD:R_0603_1608Metric,C25804,0603WAF1002T5E,UNI-ROYAL,Fit: XT60 configuration,https://datasheet.lcsc.com/datasheet/pdf/0a975aaa49b7c97f38a963127be4a823.pdf?productCode=C25804
R207,3.3k / 1%,Resistor_SMD:R_0603_1608Metric,C22978,0603WAF3301T5E,UNI-ROYAL,Fit: XT60 configuration,https://datasheet.lcsc.com/datasheet/pdf/0a975aaa49b7c97f38a963127be4a823.pdf?productCode=C22978
R208,8.2k / 1%,Resistor_SMD:R_0603_1608Metric,C25981,0603WAF8201T5E,UNI-ROYAL,Fit: XT60 configuration,https://datasheet.lcsc.com/datasheet/pdf/0a975aaa49b7c97f38a963127be4a823.pdf?productCode=C25981
R209,1k,Resistor_SMD:R_0603_1608Metric,C21190,0603WAF1001T5E,UNI-ROYAL,Fit: XT60 configuration,https://datasheet.lcsc.com/datasheet/pdf/0a975aaa49b7c97f38a963127be4a823.pdf?productCode=C21190
R210,150k,Resistor_SMD:R_0603_1608Metric,C22807,0603WAF1503T5E,UNI-ROYAL,Fit: XT60 configuration,https://datasheet.lcsc.com/datasheet/pdf/0a975aaa49b7c97f38a963127be4a823.pdf?productCode=C22807
R211,22k,Resistor_SMD:R_0603_1608Metric,C31850,0603WAF2202T5E,UNI-ROYAL,Fit: XT60 configuration,https://datasheet.lcsc.com/datasheet/pdf/0a975aaa49b7c97f38a963127be4a823.pdf?productCode=C31850
U201,TPS26631PWP,pulsarfab:TI_PWP0020T_EP2.96x2.96mm,C2866319,TPS26631PWPR,TI,Fit: XT60 configuration,https://datasheet.lcsc.com/datasheet/pdf/1e673a9d3411456469018b12bc5dcb14.pdf?productCode=C2866319
C601,100n,Capacitor_SMD:C_0603_1608Metric,C14663,CC0603KRX7R9BB104,YAGEO,Fit: XT60 configuration,https://datasheet.lcsc.com/datasheet/pdf/23ccee80ee542e7cf156a772bb589942.pdf?productCode=C14663
C602,150u / 10V / 20%,pulsarfab:CP_RVT_D6.3mm_L5.4mm,C970688,RVT1A151M0605 150UF 10V,DMBJ,Fit: XT60 configuration,https://datasheet.lcsc.com/datasheet/pdf/f0a865b841864fb1f67292a6eb3bf84a.pdf?productCode=C970688
C603,100n,Capacitor_SMD:C_0603_1608Metric,C14663,CC0603KRX7R9BB104,YAGEO,Fit: XT60 configuration,https://datasheet.lcsc.com/datasheet/pdf/23ccee80ee542e7cf156a772bb589942.pdf?productCode=C14663
J601,USB-A / 500mA,pulsarfab:USB_A_GCT_USB1046_Edge,C6307429,USB1046-GF-0190-L-B-A,Global Connector Technology,Fit: XT60 configuration,https://datasheet.lcsc.com/datasheet/pdf/69cc4fb97da31d4274b463dbae6ae45e.pdf?productCode=C6307429
R601,43.2k / 1%,Resistor_SMD:R_0603_1608Metric,C23053,0603WAF4322T5E,UNI-ROYAL,Fit: XT60 configuration,https://datasheet.lcsc.com/datasheet/pdf/0a975aaa49b7c97f38a963127be4a823.pdf?productCode=C23053
R602,100k,Resistor_SMD:R_0603_1608Metric,C25803,0603WAF1003T5E,UNI-ROYAL,Fit: XT60 configuration,https://datasheet.lcsc.com/datasheet/pdf/0a975aaa49b7c97f38a963127be4a823.pdf?productCode=C25803
U601,TPS2553DBV,Package_TO_SOT_SMD:SOT-23-6,C55266,TPS2553DBVR,TI,Fit: XT60 configuration,https://datasheet.lcsc.com/datasheet/pdf/3f52aa0e50da4026aed12c215a8c407a.pdf?productCode=C55266
U602,USBLC6-2SC6,Package_TO_SOT_SMD:SOT-23-6,C7519,USBLC6-2SC6,ST,Fit: XT60 configuration,https://datasheet.lcsc.com/datasheet/pdf/0d3a2ab954b34651a0695e7ccf534db0.pdf?productCode=C7519
C301,100n / 50V,Capacitor_SMD:C_0603_1608Metric,C14663,CC0603KRX7R9BB104,YAGEO,Fit: XT60 configuration,https://datasheet.lcsc.com/datasheet/pdf/23ccee80ee542e7cf156a772bb589942.pdf?productCode=C14663
C302,100n / 50V,Capacitor_SMD:C_0603_1608Metric,C14663,CC0603KRX7R9BB104,YAGEO,Fit: XT60 configuration,https://datasheet.lcsc.com/datasheet/pdf/23ccee80ee542e7cf156a772bb589942.pdf?productCode=C14663
C303,22n / 50V,Capacitor_SMD:C_0603_1608Metric,C21122,CL10B223KB8NNNC,Samsung Electro-Mechanics,Fit: XT60 configuration,https://datasheet.lcsc.com/datasheet/pdf/02336ea48ea44ca18c72517dd3cb7b47.pdf?productCode=C21122
C304,10n,Capacitor_SMD:C_0603_1608Metric,C1589,CL10B103KB8NNNC,Samsung Electro-Mechanics,Fit: XT60 configuration,https://datasheet.lcsc.com/datasheet/pdf/02336ea48ea44ca18c72517dd3cb7b47.pdf?productCode=C1589
D301,SMBJ20A,Diode_SMD:D_SMB,C364296,SMBJ20A,MDD(Microdiode Semiconductor),Fit: XT60 configuration,https://datasheet.lcsc.com/datasheet/pdf/2fdb55289569ebfc0bc21eab3853afe6.pdf?productCode=C364296
J301,5A DC / center +,pulsarfab:BarrelJack_GCT_DCJ200_Edge,C5280493,DCJ200-10-A-K1-K,Global Connector Technology,Fit: XT60 configuration,https://datasheet.lcsc.com/datasheet/pdf/9e28732f65d9d59bee76802895b2add9.pdf?productCode=C5280493
R301,150k,Resistor_SMD:R_0603_1608Metric,C22807,0603WAF1503T5E,UNI-ROYAL,Fit: XT60 configuration,https://datasheet.lcsc.com/datasheet/pdf/0a975aaa49b7c97f38a963127be4a823.pdf?productCode=C22807
R302,22k,Resistor_SMD:R_0603_1608Metric,C31850,0603WAF2202T5E,UNI-ROYAL,Fit: XT60 configuration,https://datasheet.lcsc.com/datasheet/pdf/0a975aaa49b7c97f38a963127be4a823.pdf?productCode=C31850
R303,332k,Resistor_SMD:R_0603_1608Metric,C23139,0603WAF3323T5E,UNI-ROYAL,Fit: XT60 configuration,https://datasheet.lcsc.com/datasheet/pdf/0a975aaa49b7c97f38a963127be4a823.pdf?productCode=C23139
R304,20k,Resistor_SMD:R_0603_1608Metric,C4184,0603WAF2002T5E,UNI-ROYAL,Fit: XT60 configuration,https://datasheet.lcsc.com/datasheet/pdf/0a975aaa49b7c97f38a963127be4a823.pdf?productCode=C4184
R305,10k,Resistor_SMD:R_0603_1608Metric,C25804,0603WAF1002T5E,UNI-ROYAL,Fit: XT60 configuration,https://datasheet.lcsc.com/datasheet/pdf/0a975aaa49b7c97f38a963127be4a823.pdf?productCode=C25804
R306,10k,Resistor_SMD:R_0603_1608Metric,C25804,0603WAF1002T5E,UNI-ROYAL,Fit: XT60 configuration,https://datasheet.lcsc.com/datasheet/pdf/0a975aaa49b7c97f38a963127be4a823.pdf?productCode=C25804
R307,3.3k / 1%,Resistor_SMD:R_0603_1608Metric,C22978,0603WAF3301T5E,UNI-ROYAL,Fit: XT60 configuration,https://datasheet.lcsc.com/datasheet/pdf/0a975aaa49b7c97f38a963127be4a823.pdf?productCode=C22978
R308,8.2k / 1%,Resistor_SMD:R_0603_1608Metric,C25981,0603WAF8201T5E,UNI-ROYAL,Fit: XT60 configuration,https://datasheet.lcsc.com/datasheet/pdf/0a975aaa49b7c97f38a963127be4a823.pdf?productCode=C25981
R309,1k,Resistor_SMD:R_0603_1608Metric,C21190,0603WAF1001T5E,UNI-ROYAL,Fit: XT60 configuration,https://datasheet.lcsc.com/datasheet/pdf/0a975aaa49b7c97f38a963127be4a823.pdf?productCode=C21190
R310,150k,Resistor_SMD:R_0603_1608Metric,C22807,0603WAF1503T5E,UNI-ROYAL,Fit: XT60 configuration,https://datasheet.lcsc.com/datasheet/pdf/0a975aaa49b7c97f38a963127be4a823.pdf?productCode=C22807
R311,22k,Resistor_SMD:R_0603_1608Metric,C31850,0603WAF2202T5E,UNI-ROYAL,Fit: XT60 configuration,https://datasheet.lcsc.com/datasheet/pdf/0a975aaa49b7c97f38a963127be4a823.pdf?productCode=C31850
U301,TPS26631PWP,pulsarfab:TI_PWP0020T_EP2.96x2.96mm,C2866319,TPS26631PWPR,TI,Fit: XT60 configuration,https://datasheet.lcsc.com/datasheet/pdf/1e673a9d3411456469018b12bc5dcb14.pdf?productCode=C2866319
C701,100n,Capacitor_SMD:C_0603_1608Metric,C14663,CC0603KRX7R9BB104,YAGEO,Fit: XT60 configuration,https://datasheet.lcsc.com/datasheet/pdf/23ccee80ee542e7cf156a772bb589942.pdf?productCode=C14663
C702,150u / 10V / 20%,pulsarfab:CP_RVT_D6.3mm_L5.4mm,C970688,RVT1A151M0605 150UF 10V,DMBJ,Fit: XT60 configuration,https://datasheet.lcsc.com/datasheet/pdf/f0a865b841864fb1f67292a6eb3bf84a.pdf?productCode=C970688
C703,100n,Capacitor_SMD:C_0603_1608Metric,C14663,CC0603KRX7R9BB104,YAGEO,Fit: XT60 configuration,https://datasheet.lcsc.com/datasheet/pdf/23ccee80ee542e7cf156a772bb589942.pdf?productCode=C14663
J701,USB-A / 500mA,pulsarfab:USB_A_GCT_USB1046_Edge,C6307429,USB1046-GF-0190-L-B-A,Global Connector Technology,Fit: XT60 configuration,https://datasheet.lcsc.com/datasheet/pdf/69cc4fb97da31d4274b463dbae6ae45e.pdf?productCode=C6307429
R701,43.2k / 1%,Resistor_SMD:R_0603_1608Metric,C23053,0603WAF4322T5E,UNI-ROYAL,Fit: XT60 configuration,https://datasheet.lcsc.com/datasheet/pdf/0a975aaa49b7c97f38a963127be4a823.pdf?productCode=C23053
R702,100k,Resistor_SMD:R_0603_1608Metric,C25803,0603WAF1003T5E,UNI-ROYAL,Fit: XT60 configuration,https://datasheet.lcsc.com/datasheet/pdf/0a975aaa49b7c97f38a963127be4a823.pdf?productCode=C25803
U701,TPS2553DBV,Package_TO_SOT_SMD:SOT-23-6,C55266,TPS2553DBVR,TI,Fit: XT60 configuration,https://datasheet.lcsc.com/datasheet/pdf/3f52aa0e50da4026aed12c215a8c407a.pdf?productCode=C55266
U702,USBLC6-2SC6,Package_TO_SOT_SMD:SOT-23-6,C7519,USBLC6-2SC6,ST,Fit: XT60 configuration,https://datasheet.lcsc.com/datasheet/pdf/0d3a2ab954b34651a0695e7ccf534db0.pdf?productCode=C7519
C401,100n / 50V,Capacitor_SMD:C_0603_1608Metric,C14663,CC0603KRX7R9BB104,YAGEO,Fit: XT60 configuration,https://datasheet.lcsc.com/datasheet/pdf/23ccee80ee542e7cf156a772bb589942.pdf?productCode=C14663
C402,100n / 50V,Capacitor_SMD:C_0603_1608Metric,C14663,CC0603KRX7R9BB104,YAGEO,Fit: XT60 configuration,https://datasheet.lcsc.com/datasheet/pdf/23ccee80ee542e7cf156a772bb589942.pdf?productCode=C14663
C403,22n / 50V,Capacitor_SMD:C_0603_1608Metric,C21122,CL10B223KB8NNNC,Samsung Electro-Mechanics,Fit: XT60 configuration,https://datasheet.lcsc.com/datasheet/pdf/02336ea48ea44ca18c72517dd3cb7b47.pdf?productCode=C21122
C404,10n,Capacitor_SMD:C_0603_1608Metric,C1589,CL10B103KB8NNNC,Samsung Electro-Mechanics,Fit: XT60 configuration,https://datasheet.lcsc.com/datasheet/pdf/02336ea48ea44ca18c72517dd3cb7b47.pdf?productCode=C1589
D401,SMBJ20A,Diode_SMD:D_SMB,C364296,SMBJ20A,MDD(Microdiode Semiconductor),Fit: XT60 configuration,https://datasheet.lcsc.com/datasheet/pdf/2fdb55289569ebfc0bc21eab3853afe6.pdf?productCode=C364296
J401,5A DC / center +,pulsarfab:BarrelJack_GCT_DCJ200_Edge,C5280493,DCJ200-10-A-K1-K,Global Connector Technology,Fit: XT60 configuration,https://datasheet.lcsc.com/datasheet/pdf/9e28732f65d9d59bee76802895b2add9.pdf?productCode=C5280493
R401,150k,Resistor_SMD:R_0603_1608Metric,C22807,0603WAF1503T5E,UNI-ROYAL,Fit: XT60 configuration,https://datasheet.lcsc.com/datasheet/pdf/0a975aaa49b7c97f38a963127be4a823.pdf?productCode=C22807
R402,22k,Resistor_SMD:R_0603_1608Metric,C31850,0603WAF2202T5E,UNI-ROYAL,Fit: XT60 configuration,https://datasheet.lcsc.com/datasheet/pdf/0a975aaa49b7c97f38a963127be4a823.pdf?productCode=C31850
R403,332k,Resistor_SMD:R_0603_1608Metric,C23139,0603WAF3323T5E,UNI-ROYAL,Fit: XT60 configuration,https://datasheet.lcsc.com/datasheet/pdf/0a975aaa49b7c97f38a963127be4a823.pdf?productCode=C23139
R404,20k,Resistor_SMD:R_0603_1608Metric,C4184,0603WAF2002T5E,UNI-ROYAL,Fit: XT60 configuration,https://datasheet.lcsc.com/datasheet/pdf/0a975aaa49b7c97f38a963127be4a823.pdf?productCode=C4184
R405,10k,Resistor_SMD:R_0603_1608Metric,C25804,0603WAF1002T5E,UNI-ROYAL,Fit: XT60 configuration,https://datasheet.lcsc.com/datasheet/pdf/0a975aaa49b7c97f38a963127be4a823.pdf?productCode=C25804
R406,10k,Resistor_SMD:R_0603_1608Metric,C25804,0603WAF1002T5E,UNI-ROYAL,Fit: XT60 configuration,https://datasheet.lcsc.com/datasheet/pdf/0a975aaa49b7c97f38a963127be4a823.pdf?productCode=C25804
R407,3.3k / 1%,Resistor_SMD:R_0603_1608Metric,C22978,0603WAF3301T5E,UNI-ROYAL,Fit: XT60 configuration,https://datasheet.lcsc.com/datasheet/pdf/0a975aaa49b7c97f38a963127be4a823.pdf?productCode=C22978
R408,8.2k / 1%,Resistor_SMD:R_0603_1608Metric,C25981,0603WAF8201T5E,UNI-ROYAL,Fit: XT60 configuration,https://datasheet.lcsc.com/datasheet/pdf/0a975aaa49b7c97f38a963127be4a823.pdf?productCode=C25981
R409,1k,Resistor_SMD:R_0603_1608Metric,C21190,0603WAF1001T5E,UNI-ROYAL,Fit: XT60 configuration,https://datasheet.lcsc.com/datasheet/pdf/0a975aaa49b7c97f38a963127be4a823.pdf?productCode=C21190
R410,150k,Resistor_SMD:R_0603_1608Metric,C22807,0603WAF1503T5E,UNI-ROYAL,Fit: XT60 configuration,https://datasheet.lcsc.com/datasheet/pdf/0a975aaa49b7c97f38a963127be4a823.pdf?productCode=C22807
R411,22k,Resistor_SMD:R_0603_1608Metric,C31850,0603WAF2202T5E,UNI-ROYAL,Fit: XT60 configuration,https://datasheet.lcsc.com/datasheet/pdf/0a975aaa49b7c97f38a963127be4a823.pdf?productCode=C31850
U401,TPS26631PWP,pulsarfab:TI_PWP0020T_EP2.96x2.96mm,C2866319,TPS26631PWPR,TI,Fit: XT60 configuration,https://datasheet.lcsc.com/datasheet/pdf/1e673a9d3411456469018b12bc5dcb14.pdf?productCode=C2866319
C801,100n,Capacitor_SMD:C_0603_1608Metric,C14663,CC0603KRX7R9BB104,YAGEO,Fit: XT60 configuration,https://datasheet.lcsc.com/datasheet/pdf/23ccee80ee542e7cf156a772bb589942.pdf?productCode=C14663
C802,150u / 10V / 20%,pulsarfab:CP_RVT_D6.3mm_L5.4mm,C970688,RVT1A151M0605 150UF 10V,DMBJ,Fit: XT60 configuration,https://datasheet.lcsc.com/datasheet/pdf/f0a865b841864fb1f67292a6eb3bf84a.pdf?productCode=C970688
C803,100n,Capacitor_SMD:C_0603_1608Metric,C14663,CC0603KRX7R9BB104,YAGEO,Fit: XT60 configuration,https://datasheet.lcsc.com/datasheet/pdf/23ccee80ee542e7cf156a772bb589942.pdf?productCode=C14663
J801,USB-A / 500mA,pulsarfab:USB_A_GCT_USB1046_Edge,C6307429,USB1046-GF-0190-L-B-A,Global Connector Technology,Fit: XT60 configuration,https://datasheet.lcsc.com/datasheet/pdf/69cc4fb97da31d4274b463dbae6ae45e.pdf?productCode=C6307429
R801,43.2k / 1%,Resistor_SMD:R_0603_1608Metric,C23053,0603WAF4322T5E,UNI-ROYAL,Fit: XT60 configuration,https://datasheet.lcsc.com/datasheet/pdf/0a975aaa49b7c97f38a963127be4a823.pdf?productCode=C23053
R802,100k,Resistor_SMD:R_0603_1608Metric,C25803,0603WAF1003T5E,UNI-ROYAL,Fit: XT60 configuration,https://datasheet.lcsc.com/datasheet/pdf/0a975aaa49b7c97f38a963127be4a823.pdf?productCode=C25803
U801,TPS2553DBV,Package_TO_SOT_SMD:SOT-23-6,C55266,TPS2553DBVR,TI,Fit: XT60 configuration,https://datasheet.lcsc.com/datasheet/pdf/3f52aa0e50da4026aed12c215a8c407a.pdf?productCode=C55266
U802,USBLC6-2SC6,Package_TO_SOT_SMD:SOT-23-6,C7519,USBLC6-2SC6,ST,Fit: XT60 configuration,https://datasheet.lcsc.com/datasheet/pdf/0d3a2ab954b34651a0695e7ccf534db0.pdf?productCode=C7519
